"RelPath","Bytes","LastWriteTime"
"audio/voice/scn_0001_midnight_courtyard/lbp/0001.mp3","566324","2026-02-18T17:40:33"
"audio/voice/scn_0001_midnight_courtyard/lbp/0002.mp3","316567","2026-02-18T18:06:22"
"audio/voice/scn_0001_midnight_courtyard/lbp/0003.mp3","177175","2026-02-18T18:10:07"
"audio/voice/scn_0001_midnight_courtyard/lbp/0004.mp3","166807","2026-02-18T18:17:28"
"audio/voice/scn_0001_midnight_courtyard/lbp/0005.mp3","101719","2026-02-18T18:36:11"
"audio/陈平安1.mp3","605721","2026-02-19T09:18:15"
"audio/陈平安2.mp3","301017","2026-02-19T09:25:33"
"audio/陈平安3.mp3","575193","2026-02-19T09:28:42"
"audio/陈平安4.mp3","224409","2026-02-19T09:33:38"
"audio/陈平安5.mp3","122457","2026-02-19T09:36:47"
"audio/陈平安6.mp3","82137","2026-02-19T09:37:56"
"audio/陈平安7.mp3","47001","2026-02-19T09:41:40"
"audio/陈平安8.mp3","508953","2026-02-19T09:48:08"
"audio/陈平安9.mp3","83865","2026-02-19T09:52:22"
"audio/崔东山.mp3","595353","2026-02-19T13:00:22"
"audio/崔东山1.mp3","445593","2026-02-19T13:01:23"
"audio/崔东山10.mp3","207703","2026-02-18T23:39:14"
"audio/崔东山11.mp3","218071","2026-02-19T09:01:40"
"audio/崔东山12.mp3","37209","2026-02-19T09:15:57"
"audio/崔东山13.mp3","527961","2026-02-19T09:40:44"
"audio/崔东山14.mp3","688089","2026-02-19T09:43:37"
"audio/崔东山15.mp3","385113","2026-02-19T09:46:43"
"audio/崔东山16.mp3","204825","2026-02-19T09:51:16"
"audio/崔东山17.mp3","144921","2026-02-19T09:53:44"
"audio/崔东山2.mp3","121879","2026-02-18T19:11:27"
"audio/崔东山3.mp3","102871","2026-02-18T23:20:11"
"audio/崔东山4.mp3","291223","2026-02-18T23:23:14"
"audio/崔东山5.mp3","367255","2026-02-18T23:27:09"
"audio/崔东山6.mp3","355735","2026-02-18T23:29:38"
"audio/崔东山7.mp3","393751","2026-02-18T23:32:17"
"audio/崔东山8.mp3","210583","2026-02-18T23:34:27"
"audio/崔东山9.mp3","339607","2026-02-18T23:37:05"
"audio/李宝瓶6.mp3","174877","2026-02-18T19:00:10"
"audio/李宝瓶7.mp3","95959","2026-02-19T09:05:14"
"audio/李宝瓶8.mp3","76953","2026-02-19T09:34:43"
"audio/李槐1.mp3","341335","2026-02-18T19:17:27"
"audio/李槐2.mp3","31447","2026-02-18T19:28:39"
"audio/李槐3.mp3","408151","2026-02-18T20:03:05"
"audio/李槐4.mp3","163927","2026-02-18T20:10:08"
"audio/李槐5.mp3","158167","2026-02-18T20:14:47"
"audio/李槐6.mp3","598231","2026-02-18T20:20:04"
"audio/李槐7.mp3","133401","2026-02-19T09:32:22"
"audio/刘彬濠 - 我有一剑.mp3","6354571","2026-02-17T11:40:45"
"audio/茅小冬1.mp3","89049","2026-02-19T09:38:42"
"audio/旁白1.mp3","823447","2026-02-18T19:14:17"
"audio/旁白10.mp3","584985","2026-02-19T09:12:09"
"audio/旁白11.mp3","296985","2026-02-19T09:14:12"
"audio/旁白12.mp3","533721","2026-02-19T09:30:47"
"audio/旁白13.mp3","167385","2026-02-19T09:50:16"
"audio/旁白2.mp3","324055","2026-02-18T19:23:10"
"audio/旁白3.mp3","177178","2026-02-18T20:26:53"
"audio/旁白4.mp3","461719","2026-02-18T20:31:38"
"audio/旁白5.mp3","771031","2026-02-18T20:35:13"
"audio/旁白6.mp3","743959","2026-02-18T20:37:03"
"audio/旁白7.mp3","122455","2026-02-18T23:14:14"
"audio/旁白8.mp3","331543","2026-02-18T23:16:11"
"audio/旁白9.mp3","67159","2026-02-19T09:04:08"
"audio/裴钱1.mp3","193303","2026-02-18T23:17:49"
"audio/裴钱2.mp3","47575","2026-02-18T23:21:24"
"audio/裴钱3.mp3","99417","2026-02-19T12:54:19"
"audio/裴钱4.mp3","169687","2026-02-18T23:30:57"
"audio/裴钱5.mp3","177175","2026-02-18T23:33:26"
"audio/裴钱6.mp3","174295","2026-02-18T23:35:23"
"audio/裴钱7.mp3","95959","2026-02-18T23:38:09"
"audio/裴钱8.mp3","164503","2026-02-19T09:00:26"
"audio/裴钱9.mp3","153564","2026-02-19T09:02:30"
"audio/石柔1.mp3","264151","2026-02-18T20:12:02"
"audio/朱敛1.mp3","144919","2026-02-18T19:31:08"
"audio/朱敛2.mp3","200215","2026-02-18T20:08:00"
